{"use_slopes": false, "roughness": 6, "use_strata": false, "sea_level": 0.0, "seed": 60905338, "deformation": 0, "filetype": "Mirage Preset", "slopes": {"invert_y": false, "x": 4, "invert_x": false, "min_x": 0, "y": 4, "min_y": 0}, "auto_seed": false, "detail_level": "7", "edge_smooth": 0.10000000149011612, "plateau_level": 10.0, "name": "Canyon", "detail_custom": 100, "thermal": {"strength": 10, "talus": 0.5235999822616577}, "edge": "STRAIGHT", "max_height": 500.0, "use_thermal": false, "type": "terrain", "description": "River carved cliffs", "size": 500.0, "version": 2.0, "strata": {"strength": 1.0, "invert": false, "frequency": 5.0}, "alpine": 10}