{"seed": 1, "edge": "DEFAULT", "sea_level": 0.0, "auto_seed": false, "use_strata": false, "deformation": 5, "slopes": {"min_x": 0, "min_y": 0, "invert_x": false, "invert_y": false, "y": 5, "x": 5}, "alpine": 0, "version": 2.0, "filetype": "Mirage Preset", "roughness": 6, "detail_custom": 100, "detail_level": "7", "max_height": 3.0, "size": 100.0, "description": "Default settings", "type": "terrain", "use_slopes": false, "strata": {"invert": false, "strength": 1.0, "frequency": 5.0}, "name": "Default", "use_thermal": false, "plateau_level": 10.0, "thermal": {"talus": 0.7853999733924866, "strength": 4}, "edge_smooth": 0.5}