{"seed": 1419044321, "edge": "STRAIGHT", "sea_level": 0.0, "auto_seed": false, "use_strata": false, "deformation": 10, "slopes": {"min_x": 0, "min_y": 0, "invert_x": false, "invert_y": false, "y": 10, "x": 0}, "alpine": 0, "version": 2.0, "filetype": "Mirage Preset", "roughness": 8, "detail_custom": 100, "detail_level": "7", "max_height": 10.0, "size": 500.0, "description": "A very mountainous terrain", "type": "terrain", "use_slopes": false, "strata": {"invert": false, "strength": 1.0, "frequency": 5.0}, "name": "High Peaks", "use_thermal": true, "plateau_level": 10.0, "thermal": {"talus": 0.7853999733924866, "strength": 2}, "edge_smooth": 0.14782609045505524}