{"use_slopes": false, "roughness": 6, "use_strata": false, "sea_level": 0.0, "seed": 1293588530, "deformation": 6, "filetype": "Mirage Preset", "slopes": {"invert_y": false, "x": 4, "invert_x": false, "min_x": 0, "y": 4, "min_y": 0}, "auto_seed": false, "detail_level": "7", "edge_smooth": 0.10000000149011612, "plateau_level": 3.0, "name": "Mesas", "detail_custom": 100, "thermal": {"strength": 4, "talus": 0.7853999733924866}, "edge": "STRAIGHT", "max_height": 7.0, "use_thermal": false, "type": "terrain", "description": "Terrain with several mesas", "size": 200.0, "version": 2.0, "strata": {"strength": 1.0, "invert": false, "frequency": 2.0}, "alpine": 8}