{"use_slopes": false, "roughness": 6, "use_strata": true, "sea_level": 0.0, "seed": 45343113, "deformation": 10, "filetype": "Mirage Preset", "slopes": {"invert_y": false, "x": 4, "invert_x": false, "min_x": 0, "y": 4, "min_y": 0}, "auto_seed": false, "detail_level": "8", "edge_smooth": 0.10000000149011612, "plateau_level": 10.0, "name": "Mt. Alien", "detail_custom": 100, "thermal": {"strength": 4, "talus": 0.7853999733924866}, "edge": "SMOOTH", "max_height": 4.0, "use_thermal": false, "type": "terrain", "description": "A single alien mountain", "size": 100.0, "version": 2.0, "strata": {"strength": 1.0, "invert": false, "frequency": 5.0}, "alpine": 0}