{"seed": 415756189, "edge": "STRAIGHT", "sea_level": 0.0, "auto_seed": false, "use_strata": false, "deformation": 10, "slopes": {"min_x": 0, "min_y": 0, "invert_x": false, "invert_y": false, "y": 4, "x": 4}, "alpine": 0, "version": 2.0, "filetype": "Mirage Preset", "roughness": 5, "detail_custom": 100, "detail_level": "7", "max_height": 6.0, "size": 300.0, "description": "A mountainous valley", "type": "terrain", "use_slopes": false, "strata": {"invert": false, "strength": 1.0, "frequency": 5.0}, "name": "Valley 2", "use_thermal": false, "plateau_level": 10.0, "thermal": {"talus": 0.7853999733924866, "strength": 2}, "edge_smooth": 0.5}