{"seed": 377736100, "edge": "DEFAULT", "sea_level": 0.0, "auto_seed": false, "use_strata": false, "deformation": 9, "slopes": {"min_x": 0, "min_y": 0, "invert_x": false, "invert_y": false, "y": 10, "x": 0}, "alpine": 4, "version": 2.0, "filetype": "Mirage Preset", "roughness": 8, "detail_custom": 100, "detail_level": "7", "max_height": 5.0, "size": 500.0, "description": "A mostly plain valley", "type": "terrain", "use_slopes": false, "strata": {"invert": false, "strength": 1.0, "frequency": 5.0}, "name": "Valley", "use_thermal": true, "plateau_level": 10.0, "thermal": {"talus": 0.7853999733924866, "strength": 2}, "edge_smooth": 0.14782609045505524}